<?xml version="1.0" encoding="UTF-8"?><cartridge region="NTSC">
	<rom>
		<map mode="linear" address="00-7f:8000-ffff"/>
		<map mode="linear" address="80-ff:8000-ffff"/>
	</rom>
	<ram size="0x2000">
		<map mode="linear" address="20-3f:6000-7fff"/>
		<map mode="linear" address="a0-bf:6000-7fff"/>
		<map mode="linear" address="70-7f:0000-ffff"/>
		<map mode="linear" address="f0-ff:0000-ffff"/>
	</ram>
    <msu1>
        <map address="00-3f:2000-2007"/>
        <map address="80-bf:2000-2007"/>
        <mmio>
            <map address="00-3f:2000-2007"/>
            <map address="80-bf:2000-2007"/>
        </mmio>
    </msu1>
</cartridge>
